{
    "aloha_agilex_1": {
        "min": [
            -1.4284353256225586,
            -0.00400543212890625,
            0.01049041748046875,
            -1.507781982421875,
            -1.4383535385131836,
            -1.6710538864135742,
            0.042916297912597656,
            -0.9466314315795898,
            -0.00362396240234375,
            0.00591278076171875,
            -1.4353017807006836,
            -1.5337228775024414,
            -2.0731287002563477,
            0.02002716064453125
        ],
        "max": [
            0.5807962417602539,
            2.9230566024780273,
            3.1473636627197266,
            1.3853282928466797,
            1.3796062469482422,
            2.1032657623291016,
            5.358396530151367,
            2.511444091796875,
            2.5034332275390625,
            2.3546581268310547,
            1.3998241424560547,
            1.552414894104004,
            1.846151351928711,
            5.414091110229492
        ],
        "file_count": 1047,
        "total_files_scanned": 1047,
        "action_dim": 14,
        "processing_time_seconds": 3.8383188247680664,
        "num_processes_used": 16
    },
    "robotwin2": {
        "min": [
            -1.4206113815307617,
            -0.005189999938011169,
            -0.18577136099338531,
            -1.956291913986206,
            -1.6801013946533203,
            -3.965158462524414,
            0.0,
            -2.9455959796905518,
            -0.6294453740119934,
            -0.07775841653347015,
            -2.0402400493621826,
            -2.1285502910614014,
            -3.9987125396728516,
            0.0
        ],
        "max": [
            0.5171146392822266,
            3.4578874111175537,
            3.6927058696746826,
            1.7942548990249634,
            1.8604620695114136,
            3.989658832550049,
            1.0,
            1.4472923278808594,
            3.640752077102661,
            3.989215135574341,
            1.95806884765625,
            1.5265172719955444,
            3.9609365463256836,
            1.0
        ],
        "file_count": 26649,
        "total_files_scanned": 26649,
        "action_dim": 14,
        "processing_time_seconds": 6.7937140464782715,
        "num_processes_used": 16
    },
    "ac_one": {
        "min": [
            -0.9161138534545898,
            -0.00476837158203125,
            0.09250736236572266,
            -1.6367206573486328,
            -0.7688636779785156,
            -1.9220647811889648,
            -3.416876792907715,
            -0.4270620346069336,
            -0.00629425048828125,
            0.22259140014648438,
            -1.6195545196533203,
            -1.2045087814331055,
            -1.6454944610595703,
            -3.350118637084961
        ],
        "max": [
            0.5704965591430664,
            2.9428930282592773,
            2.842564582824707,
            1.453993797302246,
            1.0629816055297852,
            2.161250114440918,
            0.061799049377441406,
            0.8463039398193359,
            3.1435489654541016,
            3.1630048751831055,
            1.4253835678100586,
            0.6055927276611328,
            1.9663152694702148,
            0.11635017395019531
        ],
        "file_count": 1900,
        "total_files_scanned": 1900,
        "action_dim": 14,
        "processing_time_seconds": 4.08745265007019,
        "num_processes_used": 16
    },
    "aloha_agilex_2": {
        "min": [
            -1.1429134607315063,
            -0.004988984204828739,
            -2.522681474685669,
            -1.7140648365020752,
            -1.0598450899124146,
            -2.102769613265991,
            -0.0010999999940395355,
            -0.49303722381591797,
            -0.0037155719473958015,
            -2.53049635887146,
            -1.7290667295455933,
            -1.207229495048523,
            -2.089285373687744,
            -0.0019000000320374966
        ],
        "max": [
            0.35744500160217285,
            2.7032618522644043,
            0.006576388143002987,
            1.7470340728759766,
            1.3053345680236816,
            2.0416457653045654,
            0.09960000216960907,
            1.1977224349975586,
            2.7214558124542236,
            0.005861184094101191,
            1.746667742729187,
            1.2534037828445435,
            2.061549425125122,
            0.0997999981045723
        ],
        "file_count": 1128,
        "total_files_scanned": 1128,
        "action_dim": 14,
        "processing_time_seconds": 9.20476245880127,
        "num_processes_used": 16
    },
    "aloha_static_towel": {
        "min": [
            -0.0644271969795227,
            -0.9679418802261353,
            0.35895150899887085,
            -0.16566993296146393,
            -0.4832039475440979,
            -0.0782330259680748,
            0.007404738571494818,
            -0.8927768468856812,
            -1.0814565420150757,
            0.33133986592292786,
            -2.2288742065429688,
            -0.3221359848976135,
            -0.07363107800483704,
            -0.18233266472816467
        ],
        "max": [
            0.30833014845848083,
            -0.08130098134279251,
            1.1919031143188477,
            0.01840776950120926,
            0.4494563937187195,
            0.1365242898464203,
            0.6887404918670654,
            0.9065826535224915,
            0.27458256483078003,
            1.323825478553772,
            0.0,
            2.057068347930908,
            2.494252920150757,
            0.9438133239746094
        ],
        "action_min": [
            -0.0644271969795227,
            -0.954136073589325,
            0.35895150899887085,
            -0.16566993296146393,
            -0.4832039475440979,
            -0.0782330259680748,
            0.010863911360502243,
            -0.8927768468856812,
            -1.0799225568771362,
            0.33133986592292786,
            -2.2288742065429688,
            -0.3221359848976135,
            -0.07056311517953873,
            -0.18233266472816467
        ],
        "action_max": [
            0.30833014845848083,
            -0.08130098134279251,
            1.1842331886291504,
            0.01840776950120926,
            0.4494563937187195,
            0.13499031960964203,
            0.6213650703430176,
            0.9065826535224915,
            0.26077672839164734,
            1.3192235231399536,
            0.0,
            2.057068347930908,
            2.494252920150757,
            0.8671111464500427
        ],
        "state_min": [
            -0.05982525274157524,
            -0.9679418802261353,
            0.374291330575943,
            -0.16260196268558502,
            -0.47093212604522705,
            -0.0644271969795227,
            0.007404738571494818,
            -0.8851069211959839,
            -1.0814565420150757,
            0.35128161311149597,
            -2.22580623626709,
            -0.3067961633205414,
            -0.07363107800483704,
            -0.06279659271240234
        ],
        "state_max": [
            0.2991262674331665,
            -0.12732040882110596,
            1.1919031143188477,
            0.016873789951205254,
            0.3942330777645111,
            0.1365242898464203,
            0.6887404918670654,
            0.898912787437439,
            0.27458256483078003,
            1.323825478553772,
            -0.0015339808305725455,
            2.0447964668273926,
            2.491184949874878,
            0.9438133239746094
        ],
        "action_dim": 14,
        "num_train_episodes": 40,
        "num_val_episodes_excluded": 10,
        "val_split_seed": 0,
        "source": "data/utils/calc_lerobot_norm_stats.py",
        "note": "min/max = per-joint UNION of action and observation.state over train episodes"
    }
}